allocator,threads,mops_sec,alloc_p50_us,alloc_p90_us,alloc_p99_us,alloc_p999_us,free_p50_us,free_p90_us,free_p99_us,free_p999_us,peak_rss_mb,frag_pct
glibc,1,3.52183,0.04,2.37,2.37,2.37,0,0,0,0,3.29297,0
glibc,2,6.32228,0.03,2.36,3.44,3.44,0,0,0,0,5.23047,0
glibc,4,9.15559,0.05,3.68,6.88,6.88,0,0,0,0,8.76172,0
glibc,8,8.91073,0.05,6.48,10.75,10.75,0,0,0,0,446.09,0
glibc,16,8.08389,0.05,13.04,16.05,16.59,0,0,0,0,937.973,0
glibc,32,8.138,0.05,12.44,17.33,19.64,0,0,0,0,2023.62,0
glibc,64,8.44425,0.05,12.84,15.99,20.33,0,0,0,0,4013.74,0
glibc,128,8.27764,0.05,12.44,16.44,18.9,0,0,0,0,8163.7,0
