allocator,threads,mops_sec,alloc_p50_us,alloc_p90_us,alloc_p99_us,alloc_p999_us,free_p50_us,free_p90_us,free_p99_us,free_p999_us,peak_rss_mb,frag_pct
jemalloc,1,5.39694,0.02,1.22,1.22,1.22,0,0,0,0,4.25391,0
jemalloc,2,10.8394,0.03,0.3,1.06,1.06,0,0,0,0,6.83594,0
jemalloc,4,20.0243,0.02,0.04,1.38,1.38,0,0,0,0,9.03516,0
jemalloc,8,27.7332,0.03,0.29,0.46,0.46,0,0,0,0,30.0625,0
jemalloc,16,32.3823,0.03,0.35,2.03,5.78,0,0,0,0,485.273,0
jemalloc,32,33.667,0.03,0.28,1.92,15.03,0,0,0,0,1156.99,0
jemalloc,64,35.6417,0.03,0.41,2.71,9.35,0,0,0,0,3510.35,0
jemalloc,128,38.3828,0.03,0.15,1.39,4.1,0,0,0,0,9337.47,0
