time_sec,rss_mb
0.00159439,57.4062
0.101662,485.273
