time_sec,rss_mb
0.000106879,82.8945
0.101823,2114.64
0.201951,3510.35
0.304729,2773.64
