time_sec,rss_mb
7.184e-05,9.21484
0.100132,446.09
