time_sec,rss_mb
0.000102009,7892.58
0.100689,8599.96
0.201229,9302.71
0.301612,10051.8
0.401707,10673
0.502016,11205.5
0.60212,11757.8
0.702293,12304.8
0.802706,12865
0.902794,13410.8
1.00288,13961.2
1.10297,14512.7
1.20307,15045.5
1.30318,15571.7
