time_sec,rss_mb
9.028e-05,1642.66
0.100728,3203.58
0.200992,6095.36
0.301239,8902.16
0.401412,10997.4
