time_sec,rss_mb
7.876e-05,817.27
0.100168,3216.64
0.200366,5541.36
