time_sec,rss_mb
0.00013359,9.03516
