time_sec,rss_mb
0.00406036,312.074
0.104131,1946.82
0.229501,4670.2
0.341889,6961.86
0.442025,8406.56
0.545457,9337.47
0.64556,6462.57
