time_sec,rss_mb
8.367e-05,1974.98
0.100157,2701.61
0.200271,3243.48
0.300357,3789.11
