time_sec,rss_mb
6.988e-05,62.9531
0.100137,1124.45
0.202784,1479.95
0.302875,1832.08
0.403234,2191.2
0.506227,2598.2
0.60631,3002.7
0.708743,3417.58
0.808836,3744.39
0.90892,3936.39
1.01118,4013.74
1.11422,3546.78
1.2143,3188.24
1.31497,2769.14
1.41505,1952.64
1.51514,983.141
