time_sec,rss_mb
0.00011682,4.25391
