time_sec,rss_mb
9.63e-05,3999.39
0.101281,4718.89
0.201605,5440.27
0.30172,5949.27
0.401801,6461.52
0.502135,6983.27
0.602275,7550.89
