time_sec,rss_mb
0.00011916,3.29297
