time_sec,rss_mb
7.521e-05,22.9727
0.100142,584.848
0.201024,937.973
0.301118,928.246
