time_sec,rss_mb
0.00014048,44.8672
0.10021,1156.99
