time_sec,rss_mb
9.386e-05,34.2461
0.10061,783.246
0.200708,1141.75
0.300804,1501.62
0.40089,1854.5
0.500978,2023.62
0.601617,1574.73
0.701663,1222.62
