allocator,threads,mops_sec,alloc_p50_us,alloc_p90_us,alloc_p99_us,alloc_p999_us,free_p50_us,free_p90_us,free_p99_us,free_p999_us,peak_rss_mb,frag_pct
tcmalloc,1,5.80184,0.02,1.36,1.36,1.36,0,0,0,0,7.65625,0
tcmalloc,2,12.9084,0.03,4.75,6.88,6.88,0,0,0,0,98.4648,0
tcmalloc,4,20.9512,0.03,1.12,2.33,2.33,0,0,0,0,231.215,0
tcmalloc,8,27.4475,0.03,2.73,24.52,24.52,0,0,0,0,490.43,0
tcmalloc,16,26.0564,0.03,0.22,44.729,65.76,0,0,0,0,1809.38,0
tcmalloc,32,18.7787,0.04,2.94,95.949,168.03,0,0,0,0,3789.11,0
tcmalloc,64,19.2466,0.04,2.8,196,875.007,0,0,0,0,7550.89,0
tcmalloc,128,19.1005,0.05,0.64,367.959,1050.92,0,0,0,0,15571.7,0
